{"needpeople": "1人 ", "publishTime": "2018-07-18 09:24:04", "workAdress": "北京", "salary": "4001-6000元/月 ", "jobtitle": "技术工程师", "companyUrl": "http://special.zhaopin.com/pagepublish/43221/index.html", "companyName": "北京银河伟业数字技术有限公司"}
{"salary": "7000-10000元/月 ", "companyName": "北京金尼斯电子技术有限责任公司 ", "needpeople": "2人 ", "jobtitle": "it技术支持", "publishTime": "2018-07-13 16:28:34", "companyUrl": "http://company.zhaopin.com/CZ135131350.htm", "workAdress": "北京"}
{"salary": "4001-6000元/月 ", "companyName": "北京网联无限技术发展有限公司 ", "needpeople": "2人 ", "jobtitle": "IT技术支持/网管", "publishTime": "2018-07-18 10:09:23", "companyUrl": "http://company.zhaopin.com/%E5%8C%97%E4%BA%AC%E7%BD%91%E8%81%94%E6%97%A0%E9%99%90%E6%8A%80%E6%9C%AF%E5%8F%91%E5%B1%95%E6%9C%89%E9%99%90%E5%85%AC%E5%8F%B8_CC000542277.htm", "workAdress": "北京"}
{"salary": "6001-8000元/月 ", "companyName": "北京艾迪佳业技术开发有限公司 ", "needpeople": "1人 ", "jobtitle": "石油装备技术服务工程师", "publishTime": "2018-07-18 10:12:22", "companyUrl": "http://company.zhaopin.com/CC211653116.htm", "workAdress": "北京"}
{"salary": "20000-35000元/月 ", "companyName": "焕生汇生物基因技术(北京)有限公司 ", "needpeople": "1人 ", "jobtitle": "实验室技术总监", "publishTime": "2018-07-18 09:23:18", "companyUrl": "http://company.zhaopin.com/CC660492329.htm", "workAdress": "北京"}
{"salary": "8001-10000元/月 ", "companyName": "上海博为峰软件技术有限公司 ", "needpeople": "5人 ", "jobtitle": "模具技术员+双休", "publishTime": "2018-07-18 10:07:20", "companyUrl": "http://company.zhaopin.com/P3/CC1453/6272/CC145362724.htm", "workAdress": "北京"}
{"salary": "8001-10000元/月 ", "companyName": "上海博为峰软件技术有限公司 ", "needpeople": "5人 ", "jobtitle": "初级机电技术员", "publishTime": "2018-07-18 10:49:08", "companyUrl": "http://company.zhaopin.com/P3/CC1453/6272/CC145362724.htm", "workAdress": "北京"}
{"salary": "6000-12000元/月 ", "companyName": "北京国信安科技术有限公司 ", "needpeople": "5人 ", "jobtitle": "安全技术工程师", "publishTime": "2018-07-03 14:00:31", "companyUrl": "http://company.zhaopin.com/CC139745593.htm", "workAdress": "北京"}
{"salary": "20001-30000元/月 ", "companyName": "北京融七牛信息技术有限公司 ", "needpeople": "1人 ", "jobtitle": "Java技术经理(000769)", "publishTime": "2018-07-18 11:18:13", "companyUrl": "http://company.zhaopin.com/%E5%8C%97%E4%BA%AC%E8%9E%8D%E4%B8%96%E7%BA%AA%E4%BF%A1%E6%81%AF%E6%8A%80%E6%9C%AF%E6%9C%89%E9%99%90%E5%85%AC%E5%8F%B8_CC435840920.htm", "workAdress": "北京"}
{"salary": "8000-15000元/月 ", "companyName": "北京鸿天伟业安全技术有限公司", "needpeople": "3人 ", "jobtitle": "弱电技术经理", "publishTime": "2018-07-18 10:56:17", "companyUrl": "http://special.zhaopin.com/pagepublish/18250192/index.html", "workAdress": "北京"}
{"salary": "10001-15000元/月 ", "companyName": "紫程瑞生会(北京)生物技术发展有限公司 ", "needpeople": "3人 ", "jobtitle": "细胞培养技术员", "publishTime": "2018-07-18 10:53:46", "companyUrl": "http://company.zhaopin.com/CZ305395080.htm", "workAdress": "北京"}
{"salary": "7000-9000元/月 ", "companyName": "北京蓝色曙光信息技术有限公司", "needpeople": "20人 ", "jobtitle": "IT技术支持工程师/实习生", "publishTime": "2018-07-18 10:01:15", "companyUrl": "http://special.zhaopin.com/pagepublish/64288872/index.html", "workAdress": "北京"}
{"salary": "6001-8000元/月 ", "companyName": "北京鸿天伟业安全技术有限公司", "needpeople": "1人 ", "jobtitle": "售后技术工程师", "publishTime": "2018-07-18 10:56:17", "companyUrl": "http://special.zhaopin.com/pagepublish/18250192/index.html", "workAdress": "北京"}
{"salary": "4001-6000元/月 ", "companyName": "北京翠微大厦股份有限公司", "needpeople": "5人 ", "jobtitle": "信息技术专员(翠微百货龙德店)", "publishTime": "2018-07-18 11:04:14", "companyUrl": "http://special.zhaopin.com/pagepublish/12058949/index.html", "workAdress": "北京"}
{"salary": "6000-12000元/月 ", "companyName": "北京中关新才科技有限公司 ", "needpeople": "36人 ", "jobtitle": "技术支持/系统运维高薪实习生", "publishTime": "2018-07-18 10:48:31", "companyUrl": "http://company.zhaopin.com/CC216380732.htm", "workAdress": "北京"}
{"salary": "6001-8000元/月 ", "companyName": "北京利德赛工贸有限公司 ", "needpeople": "1人 ", "jobtitle": "技术工程师", "publishTime": "2018-07-18 10:50:21", "companyUrl": "http://company.zhaopin.com/P6/CC1306/6735/CC130667353.htm", "workAdress": "北京"}
{"salary": "6000-12000元/月 ", "companyName": "北京盛业恒泰投资有限公司", "needpeople": "5人 ", "jobtitle": "招收合适人才{技术岗位}", "publishTime": "2018-07-18 10:51:14", "companyUrl": "http://special.zhaopin.com/pagepublish/61522132/index.html", "workAdress": "北京"}
{"salary": "4000-6000元/月 ", "companyName": "北京展鹏伟业机电设备有限公司 ", "needpeople": "1人 ", "jobtitle": "暖通技术员", "publishTime": "2018-07-18 10:53:23", "companyUrl": "http://company.zhaopin.com/%E5%8C%97%E4%BA%AC%E5%B1%95%E9%B9%8F%E4%BC%9F%E4%B8%9A%E6%9C%BA%E7%94%B5%E8%AE%BE%E5%A4%87%E6%9C%89%E9%99%90%E5%85%AC%E5%8F%B8_CC469872212.htm", "workAdress": "北京"}
{"salary": "8001-10000元/月 ", "companyName": "北京盛业恒泰投资有限公司", "needpeople": "5人 ", "jobtitle": "非销售，技术岗位", "publishTime": "2018-07-18 10:51:14", "companyUrl": "http://special.zhaopin.com/pagepublish/61522132/index.html", "workAdress": "北京"}
{"salary": "5000-7000元/月 ", "companyName": "北京龙昊安华警用器材科技有限公司 ", "needpeople": "4人 ", "jobtitle": "技术支持", "publishTime": "2018-07-18 11:20:34", "companyUrl": "http://company.zhaopin.com/P1/CC1372/7140/CC137271404.htm", "workAdress": "北京"}
{"salary": "6001-8000元/月 ", "companyName": "中航联合石墨烯技术有限公司", "needpeople": "1人 ", "jobtitle": "润滑油技术服务工程师", "publishTime": "2018-07-18 11:29:10", "companyUrl": "http://company.zhaopin.com/CZ282869080.htm", "workAdress": "北京"}
{"salary": "8001-10000元/月 ", "companyName": "北京中关新才科技有限公司 ", "needpeople": "36人 ", "jobtitle": "金融IT运维/技术支持", "publishTime": "2018-07-18 11:11:53", "companyUrl": "http://company.zhaopin.com/CC216380732.htm", "workAdress": "北京"}
{"salary": "4500-6000元/月 ", "companyName": "中科芯电半导体科技(北京)有限公司 ", "needpeople": "10人 ", "jobtitle": "电子电路测试工程师/技术员", "publishTime": "2018-07-18 11:22:37", "companyUrl": "http://company.zhaopin.com/CC697908525.htm", "workAdress": "北京"}
{"salary": "5000-10000元/月 ", "companyName": "北京林淼生态环境技术有限公司 ", "needpeople": "3人 ", "jobtitle": "洪水技术工程师", "publishTime": "2018-07-13 15:00:20", "companyUrl": "http://company.zhaopin.com/CC265717112.htm", "workAdress": "北京"}
{"salary": "4001-6000元/月 ", "companyName": "北京小蚁节能技术有限公司 ", "needpeople": "3人 ", "jobtitle": "技术推广", "publishTime": "2018-07-18 10:52:05", "companyUrl": "http://company.zhaopin.com/CC268118688.htm", "workAdress": "北京"}
{"salary": "6001-8000元/月 ", "companyName": "上海博为峰软件技术有限公司 ", "needpeople": "5人 ", "jobtitle": "通信技术工程师", "publishTime": "2018-07-18 10:11:14", "companyUrl": "http://company.zhaopin.com/P3/CC1453/6272/CC145362724.htm", "workAdress": "北京"}
{"salary": "10000-20000元/月 ", "companyName": "北京全式金生物技术有限公司", "needpeople": "2人 ", "jobtitle": "技术支持（户口指标）", "publishTime": "2018-07-18 10:28:26", "companyUrl": "http://special.zhaopin.com/pagepublish/14859332/index.html", "workAdress": "北京"}
{"salary": "2001-4000元/月 ", "companyName": "北京北秦安全技术有限公司 ", "needpeople": "10人 ", "jobtitle": "生产组装技术员", "publishTime": "2018-07-18 10:03:39", "companyUrl": "http://company.zhaopin.com/CC380218522.htm", "workAdress": "北京"}
{"salary": "6001-8000元/月 ", "companyName": "北京艾迪佳业技术开发有限公司 ", "needpeople": "1人 ", "jobtitle": "技术服务工程师", "publishTime": "2018-07-18 10:12:26", "companyUrl": "http://company.zhaopin.com/CC211653116.htm", "workAdress": "北京"}
{"salary": "4001-6000元/月 ", "companyName": "北京博欧实德生物技术有限公司", "needpeople": "10人 ", "jobtitle": "技术支持", "publishTime": "2018-07-18 10:02:37", "companyUrl": "http://special.zhaopin.com/pagepublish/18324412/index.html", "workAdress": "北京"}
{"salary": "20000-30000元/月 ", "companyName": "北京立联立动网络技术有限公司 ", "needpeople": "1人 ", "jobtitle": "技术售前", "publishTime": "2018-07-18 10:04:56", "companyUrl": "http://company.zhaopin.com/CC416992311.htm", "workAdress": "北京"}
{"salary": "4001-6000元/月 ", "companyName": "北京北秦安全技术有限公司 ", "needpeople": "10人 ", "jobtitle": "售后技术支持", "publishTime": "2018-07-18 10:03:44", "companyUrl": "http://company.zhaopin.com/CC380218522.htm", "workAdress": "北京"}
{"salary": "20001-30000元/月 ", "companyName": "北京立联立动网络技术有限公司 ", "needpeople": "1人 ", "jobtitle": "技术总监", "publishTime": "2018-07-18 10:04:56", "companyUrl": "http://company.zhaopin.com/CC416992311.htm", "workAdress": "北京"}
{"salary": "12000-20000元/月 ", "companyName": "北京华途合创信息技术有限公司 ", "needpeople": "1人 ", "jobtitle": "华北区技术总监", "publishTime": "2018-07-18 10:11:49", "companyUrl": "http://company.zhaopin.com/CC411291982.htm", "workAdress": "北京"}
{"salary": "4000-8000元/月 ", "companyName": "北京圣博润高新技术股份有限公司 ", "needpeople": "2人 ", "jobtitle": "技术支持工程师（2006）", "publishTime": "2018-07-18 10:11:53", "companyUrl": "http://company.zhaopin.com/P5/CC1204/7574/CC120475749.htm", "workAdress": "北京"}
{"salary": "6001-8000元/月 ", "companyName": "北京华信智原教育技术有限公司 ", "needpeople": "3人 ", "jobtitle": "IT技术文员/助理（应届生亦可）", "publishTime": "2018-07-18 10:14:56", "companyUrl": "http://company.zhaopin.com/P9/CC1345/0348/CC134503487.htm", "workAdress": "北京"}
{"salary": "4001-6000元/月 ", "companyName": "北京华信智原教育技术有限公司 ", "needpeople": "10人 ", "jobtitle": "0基础技术平面设计助理+高薪双休", "publishTime": "2018-07-18 10:14:56", "companyUrl": "http://company.zhaopin.com/P9/CC1345/0348/CC134503487.htm", "workAdress": "北京"}
{"salary": "15001-20000元/月 ", "companyName": "苍穹数码技术股份有限公司 ", "needpeople": "1人 ", "jobtitle": "技术咨询经理", "publishTime": "2018-07-18 10:16:52", "companyUrl": "http://company.zhaopin.com/P2/CC1336/2921/CC133629212.htm", "workAdress": "北京"}
{"salary": "20001-30000元/月 ", "companyName": "东华光普大数据技术有限公司 ", "needpeople": "1人 ", "jobtitle": "技术总监", "publishTime": "2018-07-18 10:19:41", "companyUrl": "http://company.zhaopin.com/CC301824281.htm", "workAdress": "北京"}
{"salary": "10001-15000元/月 ", "companyName": "北京安达斯信息技术有限公司", "needpeople": "1人 ", "jobtitle": "技术工程师", "publishTime": "2018-07-18 11:08:13", "companyUrl": "http://special.zhaopin.com/pagepublish/59776/index.html", "workAdress": "北京"}
{"salary": "8001-10000元/月 ", "companyName": "大唐终端技术有限公司", "needpeople": "1人 ", "jobtitle": "高级产品工程师（技术支持）", "publishTime": "2018-07-18 10:40:30", "companyUrl": "http://special.zhaopin.com/pagepublish/67675342/index.html", "workAdress": "北京"}
{"salary": "6000-12000元/月 ", "companyName": "北京全式金生物技术有限公司", "needpeople": "2人 ", "jobtitle": "技术销售工程师", "publishTime": "2018-07-18 10:28:44", "companyUrl": "http://special.zhaopin.com/pagepublish/14859332/index.html", "workAdress": "北京"}
{"salary": "10000-15000元/月 ", "companyName": "湖南麒麟信息工程技术有限公司北京分公司 ", "needpeople": "2人 ", "jobtitle": "售前技术顾问", "publishTime": "2018-07-18 10:58:54", "companyUrl": "http://company.zhaopin.com/CC381841927.htm", "workAdress": "北京"}
{"salary": "15001-20000元/月 ", "companyName": "竞优信息技术(上海)有限公司北京分公司", "needpeople": "3人 ", "jobtitle": "技术经理", "publishTime": "2018-07-18 11:09:54", "companyUrl": "http://special.zhaopin.com/pagepublish/15266501/index.html", "workAdress": "北京"}
{"salary": "8000-16000元/月 ", "companyName": "北京新方通信技术有限公司 ", "needpeople": "2人 ", "jobtitle": "高级技术支持工程师", "publishTime": "2018-07-18 10:52:48", "companyUrl": "http://company.zhaopin.com/CZ261520230.htm", "workAdress": "北京"}
{"salary": "30000-50000元/月 ", "companyName": "北京融七牛信息技术有限公司 ", "needpeople": "1人 ", "jobtitle": "java技术经理", "publishTime": "2018-07-18 11:18:13", "companyUrl": "http://company.zhaopin.com/%E5%8C%97%E4%BA%AC%E8%9E%8D%E4%B8%96%E7%BA%AA%E4%BF%A1%E6%81%AF%E6%8A%80%E6%9C%AF%E6%9C%89%E9%99%90%E5%85%AC%E5%8F%B8_CC435840920.htm", "workAdress": "北京"}
{"salary": "8001-10000元/月 ", "companyName": "上海博为峰软件技术有限公司 ", "needpeople": "5人 ", "jobtitle": "土木建筑专业技术员", "publishTime": "2018-07-18 10:06:02", "companyUrl": "http://company.zhaopin.com/P3/CC1453/6272/CC145362724.htm", "workAdress": "北京"}
{"salary": "6001-8000元/月 ", "companyName": "博成融通(北京)信息技术有限公司 ", "needpeople": "3人 ", "jobtitle": "运维实施技术支持", "publishTime": "2018-07-18 11:28:04", "companyUrl": "http://company.zhaopin.com/CC540861021.htm", "workAdress": "北京"}
{"salary": "6001-8000元/月 ", "companyName": "北京达因军惠网络技术有限公司 ", "needpeople": "1人 ", "jobtitle": "售前/售后技术支持", "publishTime": "2018-07-18 11:27:22", "companyUrl": "http://company.zhaopin.com/P2/CC1500/4271/CC150042713.htm", "workAdress": "北京"}
{"salary": "8000-15000元/月 ", "companyName": "北京四维益友信息技术有限公司 ", "needpeople": "1人 ", "jobtitle": "高级售前技术支持工程师（GIS方向）", "publishTime": "2018-07-18 10:11:46", "companyUrl": "http://company.zhaopin.com/P2/CC2052/8571/CC205285719.htm", "workAdress": "北京"}
{"salary": "6001-8000元/月 ", "companyName": "北京科莱特信息技术有限公司 ", "needpeople": "3人 ", "jobtitle": "信息技术专员", "publishTime": "2018-07-18 10:43:32", "companyUrl": "http://company.zhaopin.com/CZ266665980.htm", "workAdress": "北京"}
{"salary": "10001-15000元/月 ", "companyName": "北京科莱特信息技术有限公司 ", "needpeople": "5人 ", "jobtitle": "ERP技术顾问（急聘）", "publishTime": "2018-07-18 10:43:38", "companyUrl": "http://company.zhaopin.com/CZ266665980.htm", "workAdress": "北京"}
{"salary": "10001-15000元/月 ", "companyName": "北京科莱特信息技术有限公司 ", "needpeople": "3人 ", "jobtitle": "技术支持", "publishTime": "2018-07-18 10:43:48", "companyUrl": "http://company.zhaopin.com/CZ266665980.htm", "workAdress": "北京"}
{"salary": "8001-10000元/月 ", "companyName": "紫程瑞生会(北京)生物技术发展有限公司 ", "needpeople": "9人 ", "jobtitle": "细胞培养技术员", "publishTime": "2018-07-18 10:53:46", "companyUrl": "http://company.zhaopin.com/CZ305395080.htm", "workAdress": "北京"}
{"salary": "15001-20000元/月 ", "companyName": "北京中环绿盾环境科技有限公司 ", "needpeople": "2人 ", "jobtitle": "技术部门经理", "publishTime": "2018-07-18 09:51:41", "companyUrl": "http://company.zhaopin.com/CZ484405430.htm", "workAdress": "北京"}
{"salary": "10001-15000元/月 ", "companyName": "北京中环绿盾环境科技有限公司 ", "needpeople": "3人 ", "jobtitle": "技术部员工", "publishTime": "2018-07-18 09:51:38", "companyUrl": "http://company.zhaopin.com/CZ484405430.htm", "workAdress": "北京"}
{"salary": "2001-4000元/月 ", "companyName": "北京三里屯南区物业管理有限公司", "needpeople": "1人 ", "jobtitle": "强电技术员", "publishTime": "2018-07-16 14:16:54", "companyUrl": "http://special.zhaopin.com/pagepublish/14536872/index.html", "workAdress": "北京"}
{"salary": "7000-10000元/月 ", "companyName": "北京思博全科技有限公司 ", "needpeople": "2人 ", "jobtitle": "技术支持工程师", "publishTime": "2018-07-17 14:37:26", "companyUrl": "http://company.zhaopin.com/CZ772032970.htm", "workAdress": "北京"}
{"salary": "8000-15000元/月 ", "companyName": "成都卡莱博尔信息技术股份有限公司北京分公司 ", "needpeople": "2人 ", "jobtitle": "售前技术支持", "publishTime": "2018-07-18 10:09:35", "companyUrl": "http://company.zhaopin.com/CC302354686.htm", "workAdress": "北京"}
{"salary": "5000-8000元/月 ", "companyName": "深圳乐服通讯技术服务有限公司 ", "needpeople": "2人 ", "jobtitle": "手机售后技术顾问（北京店）", "publishTime": "2018-07-18 10:59:12", "companyUrl": "http://company.zhaopin.com/CZ627500030.htm", "workAdress": "北京"}
{"salary": "4001-6000元/月 ", "companyName": "北京银河伟业数字技术有限公司", "needpeople": "1人 ", "jobtitle": "技术工程师", "publishTime": "2018-07-18 09:24:04", "companyUrl": "http://special.zhaopin.com/pagepublish/43221/index.html", "workAdress": "北京"}
