{"r": 0, "subject": {"episodes_count": "", "star": "20", "blacklisted": "available", "title": "摆渡人‎ (2016)", "url": "https://movie.douban.com/subject/25911694/", "collection_status": "", "rate": "4.0", "short_comment": {"content": "虽然不是墨镜导的，但从头到尾都是墨镜搭得盘子。小说是墨镜看上的，张jj当导演也是墨镜钦点的，搞成这样，墨镜有点对不起这两个对墨镜一往情深无条件信任的男主。", "author": "小猪大侠"}, "is_tv": false, "subtype": "Movie", "directors": ["张嘉佳"], "actors": ["梁朝伟", "金城武", "陈奕迅", "杨颖", "张榕容", "杜鹃", "熊黛林", "大鹏", "马苏", "崔志佳", "贾玲", "李宇春", "鹿晗", "欧弟", "纳豆", "金士杰", "柯佳嬿", "李灿森", "喜翔", "曹可凡", "吴艺璇"], "duration": "128分钟", "region": "中国大陆", "playable": true, "id": "25911694", "types": ["喜剧", "爱情"], "release_year": "2016"}}
{"r": 0, "subject": {"episodes_count": "", "star": "50", "blacklisted": "available", "title": "千与千寻 千と千尋の神隠し‎ (2001)", "url": "https://movie.douban.com/subject/1291561/", "collection_status": "", "rate": "9.3", "short_comment": {"content": "每次看这些神作的时候想到这是动画片这是一群牛人一笔一笔画出来的,就觉得漏看掉一帧都实在是对不起他们啊", "author": "zing"}, "is_tv": false, "subtype": "Movie", "directors": ["宫崎骏"], "actors": ["柊瑠美", "入野自由", "夏木真理", "菅原文太", "中村彰男", "玉井夕海", "神木隆之介", "内藤刚志", "泽口靖子", "我修院达也", "大泉洋", "小林郁夫", "上条恒彦", "小野武彦"], "duration": "125分钟", "region": "日本", "playable": false, "id": "1291561", "types": ["剧情", "动画", "奇幻"], "release_year": "2001"}}
{"r": 0, "subject": {"episodes_count": "", "star": "45", "blacklisted": "available", "title": "你的名字。 君の名は。‎ (2016)", "url": "https://movie.douban.com/subject/26683290/", "collection_status": "", "rate": "8.4", "short_comment": {"content": "新海诚终于会讲一个复杂故事了，真不容易啊！当年那部搔首弄姿、无病呻吟的“言叶之庭”差点让我转成终身黑，“君之名”却轰出了我睽违已久的少女心。彗星降临的末世情怀，穿越时空的灵之绳结，只有7秒钟记忆的鱼...星空、爱情以及所有遇见都是注定。", "author": "同志亦凡人中文站"}, "is_tv": false, "subtype": "Movie", "directors": ["新海诚"], "actors": ["神木隆之介", "上白石萌音", "长泽雅美", "市原悦子", "成田凌", "悠木碧", "岛崎信长", "石川界人", "谷花音", "寺杣昌纪", "大原沙耶香", "井上和彦", "茶风林", "加藤有花", "花泽香菜", "寺崎裕香"], "duration": "106分钟", "region": "日本", "playable": true, "id": "26683290", "types": ["剧情", "爱情", "动画"], "release_year": "2016"}}
{"r": 0, "subject": {"episodes_count": "", "star": "35", "blacklisted": "available", "title": "魔神Z 剧场版 劇場版 マジンガーZ / INFINITY‎ (2018)", "url": "https://movie.douban.com/subject/26963808/", "collection_status": "", "rate": "6.6", "short_comment": {"content": "最后兜甲儿用界王拳打败了地狱博士", "author": "曹小操"}, "is_tv": false, "subtype": "Movie", "directors": ["志水淳児"], "actors": ["森久保祥太郎", "茅野爱衣", "上坂堇", "花江夏树", "高木渉", "山口胜平", "菊池正美", "森田順平", "岛田敏", "盐屋浩三", "石冢运升"], "duration": "95分钟", "region": "日本", "playable": false, "id": "26963808", "types": ["科幻", "动画", "灾难"], "release_year": "2018"}}
{"r": 0, "subject": {"episodes_count": "", "star": "45", "blacklisted": "available", "title": "疯狂动物城 Zootopia‎ (2016)", "url": "https://movie.douban.com/subject/25662329/", "collection_status": "", "rate": "9.1", "short_comment": {"content": "树懒太他妈好笑了！！那两分钟我嗓子都哑了！！卧槽！！真是太他妈好笑了！！", "author": "祥林嫂"}, "is_tv": false, "subtype": "Movie", "directors": ["拜伦·霍华德", "瑞奇·摩尔", "杰拉德·布什"], "actors": ["金妮弗·古德温", "杰森·贝特曼", "伊德里斯·艾尔巴", "珍妮·斯蕾特", "内特·托伦斯", "邦尼·亨特", "唐·雷克", "汤米·钟", "J·K·西蒙斯", "奥克塔维亚·斯宾瑟", "艾伦·图代克", "夏奇拉", "雷蒙德·S·佩尔西", "德拉·萨巴", "莫里斯·拉马奇", "菲尔·约翰斯顿", "约翰·迪·玛吉欧", "凯蒂·洛斯", "吉塔·雷迪", "杰西·科尔蒂", "汤米·利斯特", "乔希·达拉斯", "瑞奇·摩尔", "凯斯·索西", "彼得·曼斯布里奇", "拜伦·霍华德", "杰拉德·布什", "马克·史密斯", "乔西·特立尼达", "约翰·拉维尔", "克里斯汀·贝尔", "吉尔·科德斯", "梅利莎·古德温"], "duration": "109分钟(中国大陆)", "region": "美国", "playable": true, "id": "25662329", "types": ["喜剧", "动画", "冒险"], "release_year": "2016"}}
{"r": 0, "subject": {"episodes_count": "", "star": "45", "blacklisted": "available", "title": "寻梦环游记 Coco‎ (2017)", "url": "https://movie.douban.com/subject/20495023/", "collection_status": "", "rate": "9.0", "short_comment": {"content": "死后世界还是这么三六九等，穷逼死了还是穷逼，那还不如被快点遗忘消失掉啊！", "author": "王大根"}, "is_tv": false, "subtype": "Movie", "directors": ["李·昂克里奇", "阿德里安·莫利纳"], "actors": ["安东尼·冈萨雷斯", "盖尔·加西亚·贝纳尔", "本杰明·布拉特", "阿兰纳·乌巴奇", "芮妮·维克托", "杰米·卡米尔", "阿方索·阿雷奥", "赫伯特·西古恩萨", "加布里埃尔·伊格莱西亚斯", "隆巴多·博伊尔", "安娜·奥菲丽亚·莫吉亚", "娜塔丽·科尔多瓦", "赛琳娜·露娜", "爱德华·詹姆斯·奥莫斯", "索菲亚·伊斯皮诺萨", "卡拉·梅迪纳", "黛娅娜·欧特里", "路易斯·瓦尔德斯", "布兰卡·阿拉切利", "萨尔瓦多·雷耶斯", "切奇·马林", "奥克塔维·索利斯", "约翰·拉岑贝格"], "duration": "105分钟", "region": "美国", "playable": true, "id": "20495023", "types": ["喜剧", "动画", "奇幻", "音乐"], "release_year": "2017"}}
{"r": 0, "subject": {"episodes_count": "", "star": "50", "blacklisted": "available", "title": "机器人总动员 WALL·E‎ (2008)", "url": "https://movie.douban.com/subject/2131459/", "collection_status": "", "rate": "9.3", "short_comment": {"content": "这个世界上最好的动画片", "author": "小偷|隐忍沉定"}, "is_tv": false, "subtype": "Movie", "directors": ["安德鲁·斯坦顿"], "actors": ["本·贝尔特", "艾丽莎·奈特", "杰夫·格尔林", "佛莱德·威拉特", "西格妮·韦弗", "MacInTalk", "约翰·拉岑贝格", "凯茜·纳基麦", "泰迪·牛顿", "鲍伯·伯根", "洛丽·理查德森", "吉姆·瓦德", "彼特·道格特", "安德鲁·斯坦顿", "杰夫·皮金", "约翰·齐甘", "米凯·麦高万", "雪莉·琳恩", "克莱特·惠特克", "唐纳德·富利洛夫", "罗里·艾伦", "杰斯·哈梅尔", "拉瑞恩·纽曼", "扬·拉布森", "保罗·伊丁"], "duration": "98分钟", "region": "美国", "playable": true, "id": "2131459", "types": ["爱情", "科幻", "动画", "冒险"], "release_year": "2008"}}
{"r": 0, "subject": {"episodes_count": "", "star": "45", "blacklisted": "available", "title": "飞屋环游记 Up‎ (2009)", "url": "https://movie.douban.com/subject/2129039/", "collection_status": "", "rate": "8.9", "short_comment": {"content": "好莱坞逻辑——只有主角的梦想才是梦想，反角的梦想都是邪念。。。", "author": "逍遥兽"}, "is_tv": false, "subtype": "Movie", "directors": ["彼特·道格特", "鲍勃·彼德森"], "actors": ["爱德华·阿斯纳", "克里斯托弗·普卢默", "乔丹·长井", "鲍勃·彼德森", "戴尔里·林多", "杰罗姆·兰福特", "约翰·拉岑贝格", "大卫·卡耶", "艾丽·道克特", "杰里米·利里", "米凯·麦高万", "丹尼·曼恩", "唐纳德·富利洛夫", "杰斯·哈梅尔", "乔什·库雷", "彼特·道格特"], "duration": "96分钟", "region": "美国", "playable": true, "id": "2129039", "types": ["剧情", "喜剧", "动画", "冒险"], "release_year": "2009"}}
{"r": 0, "subject": {"episodes_count": "", "star": "45", "blacklisted": "available", "title": "神偷奶爸 Despicable Me‎ (2010)", "url": "https://movie.douban.com/subject/3287562/", "collection_status": "", "rate": "8.5", "short_comment": {"content": "这个动画片再次证明了，不怕讲老故事，只需要有颗不老的心。打动人的是里面的小情趣，小可爱，小孤独，坚硬外表下谁都渴望一颗被温暖的心。真的远比toy3得我的心。", "author": "九尾黑猫"}, "is_tv": false, "subtype": "Movie", "directors": ["皮埃尔·柯芬", "克里斯·雷纳德"], "actors": ["史蒂夫·卡瑞尔", "杰森·席格尔", "拉塞尔·布兰德", "朱莉·安德鲁斯", "威尔·阿奈特", "克里斯汀·韦格", "米兰达·卡斯格拉夫", "达纳·盖尔", "艾尔西·费舍尔", "皮埃尔·柯芬", "克里斯·雷纳德", "杰梅奈·克莱门特", "杰克·麦克布瑞尔", "丹尼·麦克布莱德", "敏迪·卡灵", "罗布·许贝尔", "肯·道里欧", "郑肯"], "duration": "95分钟", "region": "美国", "playable": true, "id": "3287562", "types": ["喜剧", "动画", "冒险"], "release_year": "2010"}}
{"r": 0, "subject": {"episodes_count": "", "star": "45", "blacklisted": "available", "title": "超能陆战队 Big Hero 6‎ (2014)", "url": "https://movie.douban.com/subject/11026735/", "collection_status": "", "rate": "8.6", "short_comment": {"content": "故事不新鲜，但角色有新意。几处萌点和泪点全部来自大白，大白的陪伴，让人想起的不仅仅是：大熊身边的哆啦A梦、教授帕克的忠犬八公、坚守地球的WALL·E、邻家的多多龙、维克多的科学怪狗、小嗝嗝身边的无牙、库珀身边的机器人Case、山姆身边的Gerty、Wallace身边的Gromit...", "author": "影志"}, "is_tv": false, "subtype": "Movie", "directors": ["唐·霍尔", "克里斯·威廉姆斯"], "actors": ["斯科特·安第斯", "瑞恩·波特", "丹尼尔·海尼", "T·J·米勒", "杰米·钟", "小达蒙·韦恩斯", "珍尼希斯·罗德里格兹", "詹姆斯·克伦威尔", "艾伦·图代克", "玛娅·鲁道夫", "亚布拉哈姆·本鲁比", "凯蒂·洛斯", "比利·布什", "丹尼尔·吉尔森", "保罗·布里格斯"], "duration": "102分钟", "region": "美国", "playable": true, "id": "11026735", "types": ["喜剧", "动作", "科幻", "动画", "冒险"], "release_year": "2014"}}
{"r": 0, "subject": {"episodes_count": "", "star": "45", "blacklisted": "available", "title": "疯狂原始人 The Croods‎ (2013)", "url": "https://movie.douban.com/subject/1907966/", "collection_status": "", "rate": "8.7", "short_comment": {"content": "很不错的合家欢动画。故事很简单，工具，使用火等道理让孩子也能很快理解，然后又植入亲情和勇气，结尾还略感动。整个故事又有很多惊险与搞笑的场面。第一段找早餐的段落真棒，即很精彩，又介绍了主要人物，性格特点及生活环境都出来了。这是编剧很常用的手法，却也很好用。", "author": "桃桃淘电影"}, "is_tv": false, "subtype": "Movie", "directors": ["柯克·德·米科", "克里斯·桑德斯"], "actors": ["尼古拉斯·凯奇", "艾玛·斯通", "瑞恩·雷诺兹", "凯瑟琳·基纳", "克萝丽丝·利奇曼", "克拉克·杜克", "克里斯·桑德斯", "兰迪·汤姆"], "duration": "98分钟", "region": "美国", "playable": true, "id": "1907966", "types": ["喜剧", "动画", "冒险"], "release_year": "2013"}}
{"r": 0, "subject": {"episodes_count": "", "star": "45", "blacklisted": "available", "title": "西游记之大圣归来‎ (2015)", "url": "https://movie.douban.com/subject/26277313/", "collection_status": "", "rate": "8.2", "short_comment": {"content": "有人说挺《小时代》的人都将在电影史耻辱柱上有一席之地。那么给《大圣归来》的打一星的人也是如此！此片真称不上什么神作，但打一星的人心理够阴暗啊，天天喷国产片垃圾，出了一部质量尚可的却跑来打压，从垃圾跃进到好莱坞靠嘴喷即可？若喷最狠的人连票都没买，那我还真是没见过这么厚颜无耻的人了！", "author": "凌晓疯"}, "is_tv": false, "subtype": "Movie", "directors": ["田晓鹏"], "actors": ["张磊", "林子杰", "吴文伦", "童自荣", "刘九容", "吴迪", "刘北辰", "赵乾景", "周帅"], "duration": "89分钟", "region": "中国大陆", "playable": true, "id": "26277313", "types": ["喜剧", "动作", "动画", "奇幻"], "release_year": "2015"}}
{"r": 0, "subject": {"episodes_count": "", "star": "45", "blacklisted": "available", "title": "哈尔的移动城堡 ハウルの動く城‎ (2004)", "url": "https://movie.douban.com/subject/1308807/", "collection_status": "", "rate": "8.9", "short_comment": {"content": "宫崎骏的片子里。老奶奶都很丑。但都是好老奶奶。", "author": "小耳朵图吗"}, "is_tv": false, "subtype": "Movie", "directors": ["宫崎骏"], "actors": ["倍赏千惠子", "木村拓哉", "美轮明宏", "我修院达也", "神木隆之介", "伊崎充则", "大泉洋", "大塚明夫", "原田大二郎", "加藤治子", "都筑香弥子"], "duration": "119分钟", "region": "日本", "playable": false, "id": "1308807", "types": ["动画", "奇幻", "冒险"], "release_year": "2004"}}
{"r": 0, "subject": {"episodes_count": "", "star": "45", "blacklisted": "available", "title": "天空之城 天空の城ラピュタ‎ (1986)", "url": "https://movie.douban.com/subject/1291583/", "collection_status": "", "rate": "9.0", "short_comment": {"content": "佩服宫崎骏的想象力，电影中的某些情节还历历在目，是部非常不错的动漫电影，弦乐很动听！", "author": "呆萌兔"}, "is_tv": false, "subtype": "Movie", "directors": ["宫崎骏"], "actors": ["田中真弓", "横泽启子", "初井言荣", "寺田农", "常田富士男", "永井一郎", "糸博", "鹫尾真知子", "神山卓三", "安原义人", "槐柳二", "鳕子"], "duration": "125分钟", "region": "日本", "playable": false, "id": "1291583", "types": ["动画", "奇幻", "冒险"], "release_year": "1986"}}
{"r": 0, "subject": {"episodes_count": "", "star": "45", "blacklisted": "available", "title": "驯龙高手 How to Train Your Dragon‎ (2010)", "url": "https://movie.douban.com/subject/2353023/", "collection_status": "", "rate": "8.7", "short_comment": {"content": "和谐的生活离不开摸头与被摸头", "author": "with"}, "is_tv": false, "subtype": "Movie", "directors": ["迪恩·德布洛斯", "克里斯·桑德斯"], "actors": ["杰伊·巴鲁切尔", "杰拉德·巴特勒", "克雷格·费格森", "亚美莉卡·费雷拉", "乔纳·希尔", "克里斯托夫·梅兹-普莱瑟", "T·J·米勒", "克里斯汀·韦格", "罗宾·阿特金·唐斯", "菲利普·麦格雷德", "基隆·埃利奥特", "阿什利·詹森", "大卫·田纳特"], "duration": "98分钟", "region": "美国", "playable": true, "id": "2353023", "types": ["喜剧", "动画", "奇幻", "冒险", "家庭"], "release_year": "2010"}}
{"r": 0, "subject": {"episodes_count": "", "star": "45", "blacklisted": "available", "title": "狮子王 The Lion King‎ (1994)", "url": "https://movie.douban.com/subject/1301753/", "collection_status": "", "rate": "8.9", "short_comment": {"content": "败在“刀疤”没有反派魅力！", "author": "罗弘霉素"}, "is_tv": false, "subtype": "Movie", "directors": ["罗杰·阿勒斯", "罗伯·明可夫"], "actors": ["乔纳森·泰勒·托马斯", "马修·布罗德里克", "杰瑞米·艾恩斯", "詹姆斯·厄尔·琼斯", "莫伊拉·凯利", "内森·连恩", "尼基塔·卡兰姆", "厄尼·萨贝拉", "乌比·戈德堡", "罗温·艾金森"], "duration": "89 分钟", "region": "美国", "playable": true, "id": "1301753", "types": ["剧情", "动画", "冒险", "歌舞", "家庭"], "release_year": "1994"}}
{"r": 0, "subject": {"episodes_count": "", "star": "45", "blacklisted": "available", "title": "冰雪奇缘 Frozen‎ (2013)", "url": "https://movie.douban.com/subject/4202982/", "collection_status": "", "rate": "8.3", "short_comment": {"content": "迪斯尼首次让出柜演员为男主配音，并通过故事向同志青少年及其家人传达出认同和出柜的积极信息，对真爱的重新定义与女权向也是自我突破。不墨守陈规也不刻意讨好成年观众，用最迪斯尼的公主童话满足全年龄受众。百老汇级别歌舞戏大赞。Elsa是首个没遇到王子的迪斯尼公主，Let It Go是出柜之歌#想太多#", "author": "陀螺凡达可"}, "is_tv": false, "subtype": "Movie", "directors": ["克里斯·巴克", "珍妮弗·李"], "actors": ["克里斯汀·贝尔", "伊迪娜·门泽尔", "乔纳森·格罗夫", "乔什·加德", "圣蒂诺·方塔纳", "艾伦·图代克", "塞伦·希德", "克里斯·威廉姆斯", "斯蒂芬·安德森", "玛雅·威尔逊", "伊迪·迈克莱尔", "罗伯特·派恩", "莫里斯·拉马奇", "珍妮弗·李", "莉薇·施图本劳赫", "伊娃·贝拉", "斯宾塞·莱西·加纳斯", "泰里·布朗", "杰西·科尔蒂", "杰夫·马库斯", "塔克·吉莫尔", "保罗·布里格斯"], "duration": "102分钟", "region": "美国", "playable": true, "id": "4202982", "types": ["喜剧", "动画", "奇幻", "歌舞"], "release_year": "2013"}}
{"r": 0, "subject": {"episodes_count": "", "star": "45", "blacklisted": "available", "title": "头脑特工队 Inside Out‎ (2015)", "url": "https://movie.douban.com/subject/10533913/", "collection_status": "", "rate": "8.7", "short_comment": {"content": "不止是卖萌的画面和天马行空的想象力，看完电影后会重新审视自己的情绪，记忆，甚至梦境。BingBong消失的时候我哭得和Toy story3结尾时一样……", "author": "Sophie  Z"}, "is_tv": false, "subtype": "Movie", "directors": ["彼特·道格特", "罗纳尔多·德尔·卡门"], "actors": ["艾米·波勒", "菲利丝·史密斯", "理查德·坎德", "比尔·哈德尔", "刘易斯·布莱克", "敏迪·卡灵", "凯特林·迪亚斯", "戴安·琳恩", "凯尔·麦克拉克伦", "波拉·庞德斯通", "鲍比·莫尼汉", "宝拉·佩尔", "大卫·戈尔兹", "弗兰克·奥兹", "乔什·库雷", "弗利", "约翰·拉岑贝格", "卡洛斯·阿拉斯拉奇", "皮特·萨加尔", "拉什达·琼斯", "罗里·艾伦", "约翰·齐甘", "雪莉·琳恩", "拉瑞恩·纽曼", "帕丽斯·冯·戴克"], "duration": "95分钟", "region": "美国", "playable": true, "id": "10533913", "types": ["喜剧", "动画", "冒险"], "release_year": "2015"}}
{"r": 0, "subject": {"episodes_count": "", "star": "45", "blacklisted": "available", "title": "冰川时代 Ice Age‎ (2002)", "url": "https://movie.douban.com/subject/1291578/", "collection_status": "", "rate": "8.4", "short_comment": {"content": "不同类，要成为集体，是多么艰难，又是多么简单 类与类融合很难，个体与个体相爱很简单 爱都是个人的事，与种族无关", "author": "肖浑"}, "is_tv": false, "subtype": "Movie", "directors": ["卡洛斯·沙尔丹哈", "克里斯·韦奇"], "actors": ["雷·罗马诺", "约翰·雷吉扎莫", "丹尼斯·利瑞", "杰克·布莱克"], "duration": "81 分钟", "region": "美国", "playable": true, "id": "1291578", "types": ["喜剧", "动画", "冒险"], "release_year": "2002"}}
{"r": 0, "subject": {"episodes_count": "", "star": "45", "blacklisted": "available", "title": "秒速5厘米 秒速5センチメートル‎ (2007)", "url": "https://movie.douban.com/subject/2043546/", "collection_status": "", "rate": "8.3", "short_comment": {"content": "闷骚得要死，活该你们见不着。。 换成是银桑的话，这故事五秒就演完了，还他妈的等13年。", "author": "克哈克奴斯"}, "is_tv": false, "subtype": "Movie", "directors": ["新海诚"], "actors": ["水桥研二", "近藤好美 ", "尾上绫华", "花村怜美", "水野理纱"], "duration": "63分钟", "region": "日本", "playable": true, "id": "2043546", "types": ["动画", "剧情", "爱情"], "release_year": "2007"}}
{"r": 0, "subject": {"episodes_count": "", "star": "35", "blacklisted": "available", "title": "大鱼海棠‎ (2016)", "url": "https://movie.douban.com/subject/5045678/", "collection_status": "", "rate": "6.6", "short_comment": {"content": "俗话说得好“美哭”，有想象力，看到了你们的努力，不易。然而大杂烩的上古传说做衬、日漫做面，整块料太铺张，不像\"汉\"服倒像\"和\"服。故事意境输了，世界观没能有效立住，三角恋也矫情。原画和中间画有外国团队、中期是同韩国合作，音乐是日本做的，国产动画仍需努力啊！也许是我太苛刻了…", "author": "大奇特(Grinch)"}, "is_tv": false, "subtype": "Movie", "directors": ["梁旋", "张春"], "actors": ["季冠霖", "苏尚卿", "许魏洲", "金士杰", "杨婷", "潘淑兰", "九儿", "王德顺", "张媛媛", "薛立方", "姜广涛", "阿杰", "马正阳", "宝木中阳", "刘校妤"], "duration": "105分钟", "region": "中国大陆", "playable": true, "id": "5045678", "types": ["剧情", "动画", "奇幻"], "release_year": "2016"}}
{"r": 0, "subject": {"episodes_count": "", "star": "45", "blacklisted": "available", "title": "怪兽电力公司 Monsters, Inc.‎ (2001)", "url": "https://movie.douban.com/subject/1291579/", "collection_status": "", "rate": "8.6", "short_comment": {"content": "其实我觉得。。。这片是一对gay couple养孩子的故事。。。", "author": "猫猫"}, "is_tv": false, "subtype": "Movie", "directors": ["彼特·道格特", "大卫·斯沃曼", "李·昂克里奇"], "actors": ["约翰·古德曼", "比利·克里斯托", "玛丽·吉布斯", "史蒂夫·布西密", "詹姆斯·柯本", "詹妮弗·提莉", "鲍勃·彼德森", "约翰·拉岑贝格", "弗兰克·奥兹", "丹尼尔·吉尔森", "邦尼·亨特", "杰克·安杰尔", "塞缪尔·洛德·布莱克", "史蒂夫·萨斯坎德"], "duration": "92 分钟", "region": "美国", "playable": true, "id": "1291579", "types": ["儿童", "喜剧", "动画", "奇幻", "冒险"], "release_year": "2001"}}
{"r": 0, "subject": {"episodes_count": "", "star": "40", "blacklisted": "available", "title": "功夫熊猫 Kung Fu Panda‎ (2008)", "url": "https://movie.douban.com/subject/1783457/", "collection_status": "", "rate": "7.9", "short_comment": {"content": "西方的皮，东方的心。", "author": "艾小柯"}, "is_tv": false, "subtype": "Movie", "directors": ["马克·奥斯本", "约翰·斯蒂文森"], "actors": ["杰克·布莱克", "达斯汀·霍夫曼", "安吉丽娜·朱莉", "伊恩·麦柯肖恩", "成龙", "塞斯·罗根", "刘玉玲", "大卫·克罗斯", "兰德尔·杜克·金", "吴汉章", "丹·福勒", "迈克·克拉克·邓肯", "韦恩·奈特", "凯尔·加斯", "JR·里德", "劳拉·奈特林格", "坦雅·海登", "斯蒂芬·凯林", "马克·奥斯本", "约翰·斯蒂文森", "肯特·奥斯博内", "瑞利·奥斯本"], "duration": "95分钟", "region": "美国", "playable": true, "id": "1783457", "types": ["喜剧", "动作", "动画", "冒险"], "release_year": "2008"}}
{"r": 0, "subject": {"episodes_count": "", "star": "40", "blacklisted": "available", "title": "大护法‎ (2017)", "url": "https://movie.douban.com/subject/26811587/", "collection_status": "", "rate": "7.7", "short_comment": {"content": "电影院里终于有一部能把孩子吓哭的动画片了", "author": "黄艾玛"}, "is_tv": false, "subtype": "Movie", "directors": ["不思凡"], "actors": ["小连杀", "图特哈蒙", "金士杰", "幽舞越山", "李佳怡", "李兰陵", "郭盛", "叶知秋", "佟心竹", "邢凯新", "藤新", "郝祥海"], "duration": "95分钟", "region": "中国大陆", "playable": true, "id": "26811587", "types": ["喜剧", "动画", "奇幻", "冒险"], "release_year": "2017"}}
{"r": 0, "subject": {"episodes_count": "", "star": "40", "blacklisted": "available", "title": "功夫熊猫2 Kung Fu Panda 2‎ (2011)", "url": "https://movie.douban.com/subject/3233635/", "collection_status": "", "rate": "8.0", "short_comment": {"content": "看着别国用满是欢笑热血感动的故事，将我们自家的文化元素运用地如此炉火纯青，而我们的官方电影还在盘算如何霸占黄金档期以打破票房纪录，真是感到汗颜。这续集虽然故事简单，但笑料特效动作戏密度之高让我惊喜！好几次起鸡皮疙瘩好几次放肆大笑！最后再借地骂一句：还建你妹的伟业啊！", "author": "TORO VAN DARKO"}, "is_tv": false, "subtype": "Movie", "directors": ["吕寅荣"], "actors": ["杰克·布莱克", "安吉丽娜·朱莉", "达斯汀·霍夫曼", "加里·奥德曼", "成龙", "塞斯·罗根", "刘玉玲", "大卫·克罗斯", "吴汉章", "杨紫琼", "丹尼·麦克布莱德", "丹尼斯·海斯伯特", "尚格·云顿", "维克多·加博", "迈克·贝尔", "艾普尔·洪", "亚历山德拉·戈尔德·朱尔登", "斯蒂芬·凯林", "利亚姆·奈特", "保罗·马祖斯基", "丹·奥康纳", "罗密·罗斯蒙特", "莫瑞·史特林", "弗雷德·塔特西奥", "劳伦·汤姆", "康拉德·弗农"], "duration": "91分钟", "region": "美国", "playable": true, "id": "3233635", "types": ["喜剧", "动作", "动画", "冒险"], "release_year": "2011"}}
{"r": 0, "subject": {"episodes_count": "", "star": "45", "blacklisted": "available", "title": "借东西的小人阿莉埃蒂 借りぐらしのアリエッティ‎ (2010)", "url": "https://movie.douban.com/subject/4202302/", "collection_status": "", "rate": "8.7", "short_comment": {"content": "“你永远在我心中，我永远都不会忘记你。”这是一部难得一见的富含诗意和伤感的动画片。细节和人设很棒，赏心悦目；配乐尤其出色，但叙事太过苍白匆忙。最后的轻轻告别，两人往后都会有自己人生，走自己的路，但曾经那段美好依旧会沉淀为一辈子的记忆。★★★★", "author": "Q。"}, "is_tv": false, "subtype": "Movie", "directors": ["米林宏昌"], "actors": ["志田未来", "神木隆之介", "树木希林", "三浦友和", "大竹忍", "竹下景子", "藤原龙也"], "duration": "94分钟", "region": "日本", "playable": false, "id": "4202302", "types": ["动画", "奇幻", "冒险"], "release_year": "2010"}}
{"r": 0, "subject": {"episodes_count": "", "star": "40", "blacklisted": "available", "title": "神偷奶爸2 Despicable Me 2‎ (2013)", "url": "https://movie.douban.com/subject/4915857/", "collection_status": "", "rate": "8.0", "short_comment": {"content": "小黄豆和小姑娘们还是要萌出你一脸血，画面精致到2D版都很3D。还有，每个男性心里都有个拯救世界的小种子在蠢蠢欲动呀", "author": "理想多钱一斤啊"}, "is_tv": false, "subtype": "Movie", "directors": ["皮埃尔·柯芬", "克里斯·雷纳德"], "actors": ["史蒂夫·卡瑞尔", "克里斯汀·韦格", "本杰明·布拉特", "米兰达·卡斯格拉夫", "拉塞尔·布兰德", "郑肯", "史蒂夫·库根", "艾尔西·费舍尔", "达纳·盖尔", "莫伊塞斯·阿里亚斯", "纳西姆·帕杜雷德", "克里斯汀·沙尔", "皮埃尔·柯芬", "克里斯·雷纳德", "尼科莱·斯托伊洛夫", "瓦妮莎·贝尔"], "duration": "99分钟(中国大陆)", "region": "美国", "playable": true, "id": "4915857", "types": ["喜剧", "动画", "冒险"], "release_year": "2013"}}
{"r": 0, "subject": {"episodes_count": "", "star": "45", "blacklisted": "available", "title": "幽灵公主 もののけ姫‎ (1997)", "url": "https://movie.douban.com/subject/1297359/", "collection_status": "", "rate": "8.8", "short_comment": {"content": "宫骑骏就是个生态环保大师啊。", "author": "A-sun*"}, "is_tv": false, "subtype": "Movie", "directors": ["宫崎骏"], "actors": ["松田洋治", "石田百合子", "田中裕子", "小林薰", "西村雅彦", "上条恒彦", "岛本须美", "渡边哲", "佐藤允", "名古屋章", "美轮明宏", "森光子", "森繁久弥"], "duration": "134分钟", "region": "日本", "playable": false, "id": "1297359", "types": ["动作", "爱情", "战争", "动画", "奇幻", "冒险"], "release_year": "1997"}}
{"r": 0, "subject": {"episodes_count": "", "star": "45", "blacklisted": "available", "title": "玛丽和马克思 Mary and Max‎ (2009)", "url": "https://movie.douban.com/subject/3072124/", "collection_status": "", "rate": "8.9", "short_comment": {"content": "伤心电影，好电影。结尾告诉我们，网友见面要早。", "author": "阿北"}, "is_tv": false, "subtype": "Movie", "directors": ["亚当·艾略特"], "actors": ["托妮·科莱特", "菲利普·塞默·霍夫曼", "巴瑞·哈姆弗莱斯", "艾瑞克·巴纳", "贝塔尼·维特莫尔", "蕾妮·盖耶", "伊恩·莫利·梅尔德伦", "克里斯托弗·马西", "卡罗琳·莎士比亚-艾伦", "琳恩·史密斯"], "duration": "92分钟", "region": "澳大利亚", "playable": true, "id": "3072124", "types": ["剧情", "动画"], "release_year": "2009"}}
{"r": 0, "subject": {"episodes_count": "", "star": "45", "blacklisted": "available", "title": "无敌破坏王 Wreck-It Ralph‎ (2012)", "url": "https://movie.douban.com/subject/6534248/", "collection_status": "", "rate": "8.6", "short_comment": {"content": "即便今年的动画电影整体水平偏低，也不至于把这样一部作品推上神坛。", "author": "白发生"}, "is_tv": false, "subtype": "Movie", "directors": ["瑞奇·摩尔"], "actors": ["约翰·C·赖利", "萨拉·西尔弗曼", "杰克·麦克布瑞尔", "简·林奇", "艾伦·图代克", "敏迪·卡灵", "乔·洛·特鲁格里奥", "艾德·奥尼尔", "丹尼斯·海斯伯特", "伊迪·迈克莱尔", "雷蒙德·S·佩尔西", "杰斯·哈梅尔", "瑞秋·哈里斯", "斯盖拉·阿斯丁", "亚当·卡罗拉", "霍拉提奥·桑斯", "莫里斯·拉马奇", "斯戴芬妮·斯考特", "约翰·迪·玛吉欧", "瑞奇·摩尔", "凯蒂·洛斯", "贾米·埃曼", "乔西·特立尼达", "辛贝·沃克", "塔克·吉莫尔", "布兰登·斯考特", "蒂姆·梅尔滕斯", "凯文·迪特斯", "杰洛·里佛斯", "马丁·贾维斯", "布莱恩·克辛格", "罗杰·克莱格·史密斯", "菲尔·约翰斯顿", "鲁本·兰登", "凯尔·赫伯特", "洁米·斯贝勒·罗伯茨", "尼克·格里姆肖"], "duration": "101分钟", "region": "美国", "playable": true, "id": "6534248", "types": ["喜剧", "动画", "奇幻", "冒险"], "release_year": "2012"}}
{"r": 0, "subject": {"episodes_count": "", "star": "45", "blacklisted": "available", "title": "犬之岛 Isle of Dogs‎ (2018)", "url": "https://movie.douban.com/subject/26640371/", "collection_status": "", "rate": "8.3", "short_comment": {"content": "发生在日本结果没有柴犬，这不科学", "author": "羚羊的灵魂"}, "is_tv": false, "subtype": "Movie", "directors": ["韦斯·安德森"], "actors": ["布莱恩·科兰斯顿", "爱德华·诺顿", "科宇·兰金", "列维·施瑞博尔", "比尔·默瑞", "杰夫·高布伦", "鲍勃·巴拉班", "野村训市", "格蕾塔·葛韦格", "斯嘉丽·约翰逊", "蒂尔达·斯文顿", "弗兰西斯·麦克多蒙德", "罗曼·科波拉", "卡拉·海沃德", "高山明", "伊藤晃", "哈威·凯特尔", "F·默里·亚伯拉罕", "小野洋子", "渡边谦", "夏木真理", "费舍·史蒂芬斯", "村上虹郎", "考特尼·万斯", "安杰丽卡·休斯顿", "野田洋次郎", "山田孝之", "秋元梢", "松田翔太", "松田龙平", "池田依来沙", "杰克·莱恩", "育乃介", "儿玉太一", "卡琳·奥克索", "弗兰克·伍德", "爱德华·博奇"], "duration": "97分钟(中国大陆)", "region": "美国", "playable": true, "id": "26640371", "types": ["喜剧", "动画", "冒险"], "release_year": "2018"}}
{"r": 0, "subject": {"episodes_count": "", "star": "45", "blacklisted": "available", "title": "玩具总动员3 Toy Story 3‎ (2010)", "url": "https://movie.douban.com/subject/1858711/", "collection_status": "", "rate": "8.8", "short_comment": {"content": "闪耀着万丈光芒的又一动画杰作。每一处笑点都能轻易抓到，让我就像是回到了15年前，开心到得意忘形。最后一场戏动人程度堪比UP的\"married life\"!", "author": "荔枝超人"}, "is_tv": false, "subtype": "Movie", "directors": ["李·昂克里奇"], "actors": ["汤姆·汉克斯", "蒂姆·艾伦", "琼·库萨克", "尼德·巴蒂", "唐·里克斯", "迈克尔·基顿"], "duration": "103分钟", "region": "美国", "playable": true, "id": "1858711", "types": ["喜剧", "动画", "奇幻", "冒险"], "release_year": "2010"}}
{"r": 0, "subject": {"episodes_count": "", "star": "40", "blacklisted": "available", "title": "超人总动员 The Incredibles‎ (2004)", "url": "https://movie.douban.com/subject/1291577/", "collection_status": "", "rate": "7.9", "short_comment": {"content": "所谓的超人家庭 无非就是 爸爸力大无穷 妈妈能屈能伸 大女儿害羞逃避 二儿子四处撒欢 小儿子潜力无穷 所以 每个家庭其实都是超人家庭", "author": "哪吒男"}, "is_tv": false, "subtype": "Movie", "directors": ["布拉德·伯德"], "actors": ["格雷格·T·尼尔森", "霍利·亨特", "塞缪尔·杰克逊", "杰森·李", "泰迪·牛顿", "华莱士·肖恩"], "duration": "115分钟", "region": "美国", "playable": true, "id": "1291577", "types": ["喜剧", "动作", "动画", "冒险"], "release_year": "2004"}}
{"r": 0, "subject": {"episodes_count": "", "star": "45", "blacklisted": "available", "title": "萤火之森 蛍火の杜へ‎ (2011)", "url": "https://movie.douban.com/subject/5989818/", "collection_status": "", "rate": "8.7", "short_comment": {"content": "妖怪有颜就是治愈片 妖怪没有颜就是恐怖片", "author": "和也也也也也n"}, "is_tv": false, "subtype": "Movie", "directors": ["大森贵弘"], "actors": ["佐仓绫音", "内山昂辉"], "duration": "45分钟", "region": "日本", "playable": true, "id": "5989818", "types": ["剧情", "爱情", "动画", "奇幻"], "release_year": "2011"}}
{"r": 0, "subject": {"episodes_count": "", "star": "45", "blacklisted": "available", "title": "魔女宅急便 魔女の宅急便‎ (1989)", "url": "https://movie.douban.com/subject/1307811/", "collection_status": "", "rate": "8.5", "short_comment": {"content": "宫崎骏的电影总让人感觉世界是美好的，阳光明媚的", "author": "倪考梦"}, "is_tv": false, "subtype": "Movie", "directors": ["宫崎骏"], "actors": ["高山南", "佐久间玲", "户田惠子", "山口胜平", "信泽三惠子", "加藤治子", "关弘子", "三浦浩一", "山寺宏一", "井上喜久子", "渊崎由里子", "土井美加", "土师孝也", "浅井淑子", "齐藤昌", "西村知道", "小林优子", "池水通洋", "辻亲八", "大塚明夫", "坂本千夏", "田口昂", "键本景子", "津贺有子", "龟井芳子", "丸山裕子"], "duration": "103分钟", "region": "日本", "playable": false, "id": "1307811", "types": ["动画", "奇幻", "冒险"], "release_year": "1989"}}
{"r": 0, "subject": {"episodes_count": "", "star": "45", "blacklisted": "available", "title": "海底总动员 Finding Nemo‎ (2003)", "url": "https://movie.douban.com/subject/1291586/", "collection_status": "", "rate": "8.2", "short_comment": {"content": "朋友说我好像那个戴牙套的小女孩呜呜呜", "author": "我的苦難史30天30夜也講不完"}, "is_tv": false, "subtype": "Movie", "directors": ["安德鲁·斯坦顿", "李·昂克里奇"], "actors": ["艾伯特·布鲁克斯", "艾伦·德杰尼勒斯", "亚历山大·古尔德", "威廉·达福", "布拉德·加内特", "艾莉森·珍妮", "奥斯汀·潘德尔顿", "斯蒂芬·鲁特", "杰弗里·拉什", "伊丽莎白·帕金斯"], "duration": "100 分钟", "region": "美国", "playable": true, "id": "1291586", "types": ["动画", "冒险", "喜剧", "家庭"], "release_year": "2003"}}
{"r": 0, "subject": {"episodes_count": "", "star": "40", "blacklisted": "available", "title": "僵尸新娘 Corpse Bride‎ (2005)", "url": "https://movie.douban.com/subject/1309060/", "collection_status": "", "rate": "8.2", "short_comment": {"content": "不能因为外表而看不起一个人的心", "author": "薇羅尼卡"}, "is_tv": false, "subtype": "Movie", "directors": ["蒂姆·波顿", "迈克·约翰逊"], "actors": ["约翰尼·德普", "海伦娜·伯翰·卡特", "艾米丽·沃森", "崔茜·尤玛", "保罗·怀特豪斯", "乔安娜·林莉", "阿尔伯特·芬尼", "理查德·E·格兰特", "克里斯托弗·李", "迈克尔·高夫", "简·霍洛克斯", "恩·赖特尔", "迪普·罗伊", "丹尼·艾夫曼", "斯蒂芬·巴兰坦", "丽莎·凯"], "duration": "77分钟", "region": "美国", "playable": true, "id": "1309060", "types": ["剧情", "动画", "奇幻"], "release_year": "2005"}}
{"r": 0, "subject": {"episodes_count": "", "star": "45", "blacklisted": "available", "title": "萤火虫之墓 火垂るの墓‎ (1988)", "url": "https://movie.douban.com/subject/1293318/", "collection_status": "", "rate": "8.7", "short_comment": {"content": "我发誓我再不敢看第二遍", "author": "露娜peace"}, "is_tv": false, "subtype": "Movie", "directors": ["高畑勋"], "actors": ["辰己努", "白石绫乃", "志乃原良子", "山口朱美", "端田宏三"], "duration": "89 分钟", "region": "日本", "playable": false, "id": "1293318", "types": ["动画", "剧情", "战争"], "release_year": "1988"}}
{"r": 0, "subject": {"episodes_count": "", "star": "45", "blacklisted": "available", "title": "里约大冒险 Rio‎ (2011)", "url": "https://movie.douban.com/subject/3731581/", "collection_status": "", "rate": "8.3", "short_comment": {"content": "视效五星，音乐四星，故事三星，角色两星。【王府井横店】", "author": "sterdam"}, "is_tv": false, "subtype": "Movie", "directors": ["卡洛斯·沙尔丹哈"], "actors": ["杰西·艾森伯格", "安妮·海瑟薇", "乔治·洛佩兹", "罗德里戈·桑托罗", "凯特·德尔·卡斯蒂洛", "卡洛斯·庞丝", "伯纳多·德·保拉"], "duration": "96分钟", "region": "美国", "playable": true, "id": "3731581", "types": ["喜剧", "动画", "冒险"], "release_year": "2011"}}
{"r": 0, "subject": {"episodes_count": "", "star": "40", "blacklisted": "available", "title": "怪兽大学 Monsters University‎ (2013)", "url": "https://movie.douban.com/subject/3789848/", "collection_status": "", "rate": "8.0", "short_comment": {"content": "这才叫好动画啊！当原始人小黄人全心全意卖萌搞笑时，“走下神坛”的皮克斯仍然在认真讲故事。不满意的是转折过多难免显得刻意和落俗。但对自我的认知与定位以及对理想的妥协，这些很现实的主题完全触到点看得热泪盈眶。", "author": "陀螺凡达可"}, "is_tv": false, "subtype": "Movie", "directors": ["丹·斯坎隆"], "actors": ["比利·克里斯托", "约翰·古德曼", "史蒂夫·布西密", "海伦·米伦", "彼得·宋", "乔尔·默里", "西恩·海耶斯", "大卫·弗利", "查理·戴", "阿尔弗雷德·莫里纳", "泰勒·莱伯恩", "内森·菲利安", "奥布瑞·普拉扎", "贝丝·比厄", "鲍比·莫尼汉", "朱丽亚·斯维尼"], "duration": "104分钟", "region": "美国", "playable": true, "id": "3789848", "types": ["喜剧", "动画", "冒险"], "release_year": "2013"}}
{"r": 0, "subject": {"episodes_count": "", "star": "45", "blacklisted": "available", "title": "侧耳倾听 耳をすませば‎ (1995)", "url": "https://movie.douban.com/subject/1297052/", "collection_status": "", "rate": "8.8", "short_comment": {"content": "...................如果不是片尾的一句\"你愿意嫁给我吗\" 我愿意打五星", "author": "[已注销]"}, "is_tv": false, "subtype": "Movie", "directors": ["近藤喜文"], "actors": ["本名阳子", "小林桂树", "高山南", "高桥一生", "山下容莉枝", "室井滋", "露口茂", "饭冢雅弓"], "duration": "111分钟", "region": "日本", "playable": true, "id": "1297052", "types": ["剧情", "爱情", "动画", "音乐"], "release_year": "1995"}}
