{"errno": 0, "request_id": "1503535575", "timestamp": 1531117503, "data": {"LocalNews": {"errno": 0, "data": {"cityid": 0, "name": "北京", "rows": {"pic": {"url": "http://www.jiemian.com/article/2252391.html", "title": "16%自持！中铁置业以68.54亿竞得顺义限价...", "time": "09:58", "imgUrl": "https://t12.baidu.com/it/u=3801076352,3427770302&fm=173&app=25&f=JPEG?w=218&h=146&s=4920347251D073C01BC904C50200F0A2"}, "first": [{"url": "http://news.sina.com.cn/o/2018-07-02/doc-ihespqry3246737.shtml", "title": "本周北京雨水高温交替出现 今明天有雷雨炎热暂消", "time": "07:08", "imgUrl": "http://t11.baidu.com/it/u=3798491746,163015790&fm=173&app=25&f=JPEG?w=218&h=146&s=B9306B92E8BB3B8C2B3919630100E0B1"}, {"url": "http://auto.163.com/18/0702/08/DLMPHM18000884ML.html", "title": "全市半天查扣54辆“黑车” 专项行动将持续半年", "time": "08:09", "imgUrl": "http://t12.baidu.com/it/u=3054978515,515102737&fm=173&app=25&f=JPEG?w=218&h=146&s=4CC27A23568210F70135C59A0100A091"}, {"url": "http://news.ifeng.com/a/20180702/58959926_0.shtml", "title": "北京14条市郊铁路首次曝光？通州、北三县共6条", "time": "07:19", "imgUrl": "http://t11.baidu.com/it/u=530670973,3416745261&fm=173&app=25&f=JPEG?w=218&h=146&s=44E0BAF32AE3C4C24A10BCFD03008071"}, {"url": "http://learning.sohu.com/20180702/n542271350.shtml", "title": "关注丨教育部直属高校都在哪儿？快看看你身边有没...", "time": "09:26", "imgUrl": "http://t11.baidu.com/it/u=1458971803,3697297373&fm=173&app=25&f=JPEG?w=218&h=146&s=B6A0B808450069430CF299D3030080B4"}, {"url": "http://society.workercn.cn/32852/201807/02/180702072756747.shtml", "title": "北京:45个重点地区严查客运黑车", "time": "07:38", "imgUrl": "http://t10.baidu.com/it/u=3899632581,80156690&fm=173&app=25&f=JPEG?w=218&h=146&s=88E27A271C0226DA0E3CE19201008091"}, {"url": "http://edu.163.com/18/0702/09/DLMUKQEP00297VGM.html", "title": "北影学生被中戏学生指证贩毒被开除 起诉教委被驳回", "time": "09:38", "imgUrl": "http://t12.baidu.com/it/u=1784770148,2870874656&fm=173&app=25&f=JPEG?w=218&h=146&s=4612778A540A43ED1635B4510300D0E1"}, {"url": "http://society.workercn.cn/32851/201807/02/180702085555005.shtml", "title": "“只进一个门”“全程网上办”“最多跑一次”　北...", "time": "08:55", "imgUrl": "http://t10.baidu.com/it/u=2209994481,300071696&fm=173&app=25&f=JPEG?w=218&h=146&s=D48041B656A2BEE21409149603003082"}, {"url": "http://finance.ifeng.com/a/20180702/16362386_0.shtml", "title": "嘀嗒出行与北京市交通执法八大队共议网约出行共享...", "time": "09:55", "imgUrl": "http://t11.baidu.com/it/u=2290742503,186009025&fm=173&app=25&f=JPG?w=218&h=146&s=0BB4C80274EA2FAD6291D196030090B3"}], "second": [{"url": "http://learning.sohu.com/20180702/n542269342.shtml", "title": "高招诈骗多假冒军校艺术院校 法官提醒：“内部指...", "time": "09:43", "imgUrl": "http://t10.baidu.com/it/u=479869956,2568325491&fm=173&app=25&f=JPEG?w=218&h=146&s=ECB32FD7D6A216B85385706603003051"}, {"url": "http://news.sina.com.cn/o/2018-07-02/doc-ihespqry3269038.shtml", "title": "北京人大调研养老健康服务", "time": "07:26", "imgUrl": "http://t11.baidu.com/it/u=2026124380,2192763463&fm=173&app=25&f=JPEG?w=218&h=146&s=FECB7A2336637AA48E98C5D7010080A0"}, {"url": "http://bj.people.com.cn/n2/2018/0702/c82840-31764034.html", "title": "北京市年内建设21处“小森林” 送绿荫清风", "time": "07:30", "imgUrl": "http://t11.baidu.com/it/u=3000213832,3819761608&fm=173&app=25&f=JPEG?w=218&h=146&s=1BB8D6A24D80C4CE4810AA7803005074"}, {"url": "http://learning.sohu.com/20180702/n542269858.shtml", "title": "北京5年审结34起高考诈骗案 涉案金额超420...", "time": "09:47", "imgUrl": "http://t11.baidu.com/it/u=2050977577,3541976514&fm=173&app=25&f=JPG?w=218&h=146&s=0210ED22566B71A9B8F934610300F0E0"}, {"url": "http://e.gmw.cn/2018-07/02/content_29616442.htm", "title": "9月7日《花开四季》巡演绽放北京工体", "time": "10:19", "imgUrl": "http://t12.baidu.com/it/u=3631505228,1384005090&fm=173&app=25&f=JPEG?w=218&h=146&s=812EFF1709516AC80CD0A5E50300A02E"}, {"url": "http://learning.sohu.com/20180702/n526745508.shtml", "title": "2018中国医药类大学排名，北京协和医学院第一", "time": "08:13", "imgUrl": "http://t10.baidu.com/it/u=314962245,3348614837&fm=173&app=25&f=JPEG?w=218&h=146&s=310ED05F9777B1ED5C0590AC0300E01D"}, {"url": "http://news.sina.com.cn/c/2018-07-02/doc-ihespqry2871194.shtml", "title": "北京严查销售违规电动车 64家无照商户被关停", "time": "02:51", "imgUrl": "http://t12.baidu.com/it/u=4042563236,1969859663&fm=173&app=25&f=JPEG?w=218&h=146&s=F890459D4493F9EB5A2158D3030030B0"}, {"url": "http://society.workercn.cn/32851/201807/02/180702072149841.shtml", "title": "从无人问津到成为“香饽饽” 阳原西红柿上了北京...", "time": "07:32", "imgUrl": "http://t10.baidu.com/it/u=3749553978,2954365406&fm=173&app=25&f=JPEG?w=218&h=146&s=889B95FAD44B52ECF41477720300D074"}]}}, "ad": null}}}