{"image_url": "//qidian.qpic.cn/qdbimg/349573/c_8402027104295903/90", "title": "将门娇女：帝尊溺宠小毒妃", "author": "安晓妍", "tags": "古代言情,已完结,122.24万", "desc": "\r                        【新文 医妃在上：九爷，狠会宠！已发布，求疼爱】她助他破敌，却被他当成垫脚石，血溅沙场！浴血归来，她只想要他的命，却被一道圣旨送进王府，成了他的小王妃！\r\n半夜响起磨刀声，心狠手辣的男人笑眯眯的站在她身后：“王妃半夜磨刀，莫非是看本王日夜操劳，想杀鸡给本王补身子？”揣着刀摸进他房中，刚掏出来又被抓个正着。“说过多少次了，本王的房间，王妃想来就来，不用带礼物。”假寐的王爷睁开眼，笑意清浅，“——匕首款式不错，本王收下了，下不为例。”\r\n屡次暗杀失败，某王妃狠下决心，一把火烧了他的云王府。\r\n正欲逃走，头顶传来一个声音：“王妃真是越来越懂本王了，知道本王建了新府，就把旧房子烧了。来，陪本王回去试试新床。”\r                    "}
{"image_url": "//qidian.qpic.cn/qdbimg/349573/c_3733961804351601/90", "title": "国民男神爱上我", "author": "安知晓", "tags": "现代言情,已完结,294.08万", "desc": "\r                        男神说，你是我穆凉的妻子，A市你可以横着走。男神说，你负责貌美如花，我负责护你周全。等她爱上男神，想要结婚，男神说，我的本意是照顾她，爱护她，珍惜她，让她无忧无虑过一辈子，可是，我没想过和她相爱，共度一生。乔夏怒！你特么什么狗屁男神，渣男！男神说，好吧，既然你想结婚，我就委屈一点娶了你。\r                    "}
{"image_url": "//qidian.qpic.cn/qdbimg/349573/c_3733960804346501/90", "title": "千金检察官", "author": "陌骄阳", "tags": "现代言情,已完结,366.01万", "desc": "\r                        新文《倾城娇女：将军，太生猛》已发，求支持！六年前，缪馨是寄宿在明家的小孤女，人人可欺，最后还变成了瞎子！六年后，逃到国外的缪馨回来了，摇身一变成为让让人闻名丧胆的鬼畜检察官，身边还带了个崽，整个明家沸腾了！她说，我曾经黑暗中邂逅了你，即使现在日夜独行，也不想再与你擦身而过！他说，有些爱一生一次，我不撒手！\r                    "}
{"image_url": "//qidian.qpic.cn/qdbimg/349573/c_4818982104534803/90", "title": "许你万丈光芒好", "author": "囧囧有妖", "tags": "现代言情,已完结,229.18万", "desc": "\r                        “你救了我，我让我爹地以身相许！”\r\n宁夕意外救了只小包子，结果被附赠了一只大包子。\r\n婚后，陆霆骁宠妻如命千依百顺，虐起狗来连亲儿子都不放过。\r\n“老板，公司真给夫人拿去玩？难道夫人要卖公司您也不管？”“卖你家公司了？”\r\n“大少爷，不好了！夫人说要把屋顶掀了！”“还不去帮夫人扶梯子。”\r\n“粑粑，谢谢你给小宝买的大熊！”“那是买给你妈妈的。”\r\n“老公，这个剧本我特别喜欢，我可以接吗？”陆霆骁神色淡定：“可以。”\r\n当天晚上，宁夕连滚带爬跑出去。陆霆骁！可以你大爷！！！【双洁欢脱甜宠文】\r                    "}
{"image_url": "//qidian.qpic.cn/qdbimg/349573/c_25377889000533901/90", "title": "腹黑总裁要抱抱", "author": "猫千草", "tags": "现代言情,已完结,322.7万", "desc": "\r                        新文：《亿万豪宠：总裁的专属甜妻》，欢迎大家移步观看。她以为他是爱她的，却发现他所爱的，不过是她的声音而已。一场车祸，她失去了声音，而他的身边却又出现了与她有着相似声音的另一个女人。她毅然离开，五年后成为了金牌作曲家和他再度相逢她很久之后才知道，原来在她离开他之后，他曾经吞下过整整一瓶安眠药。\n\r                    "}
{"image_url": "//qidian.qpic.cn/qdbimg/349573/c_3590716003020601/90", "title": "扶摇皇后", "author": "天下归元", "tags": "古代言情,已完结,138.72万", "desc": "\r                        　　【影视原著，剧情抢先看】\r\n　　在五洲大陆底层挣扎的混混扶摇，甩开另娶他人的爱人，选择以牙还牙的偿还！一路与七国权谋皇室悍然碰撞，同天下英才逸士际会风云，夺七国令，不为天下，只为回归。可当爱情与之相撞时，爱与别离，何从抉择？\r\n\r                    "}
{"image_url": "//qidian.qpic.cn/qdbimg/349573/c_6508250104519501/90", "title": "农门弃女：妖孽丞相赖上床", "author": "偏方方", "tags": "古代言情,已完结,318.92万", "desc": "\r                        　　一觉醒来，穿越到一个历史上没有的朝代，乔薇无语望天，她是有多倒霉？睡个觉也能赶上穿越大军？还连跳两级，成了两个小包子的娘亲。\r\n　　看着小包子嗷嗷待哺的小眼神，乔薇讲不出一个拒绝的字来。\r\n　　罢了罢了，既来之则安之吧，不就是当个娘吗？她还能当不好了？\r\n　　养包子，发家致富。\r\n　　不为恶，不圣母，人敬我，我敬人，人犯我，虽远必诛。\r\n　　杏林春暖，侯门弃女也能走出个锦绣人生。\r\n　　*\r\n　　小剧场之寻亲：\r\n　　“囡囡呐，婶娘可算找到你了！你当年怎么一声不吭地就走了呢？婶娘找你都快找疯了！你还活着真是太好了，跟婶娘回家吧！一个女人赚了那么多银子，在外头多不安全呐！”某花枝招展的妇人，拿着帕子，“伤心欲绝”地说。\r\n　　“你不关心我孩子，倒是先关心我银子，真是好疼我呢！可是我们认识吗，大婶？”乔薇一脸冷漠。\r\n　　*\r\n　　小剧场之寻妻：\r\n　　小包子领回一个容颜冷峻的男人：“娘亲，叔叔说他是我爹。”\r\n　　乔薇莞尔一笑：“乖儿子，告诉你爹，要证明自己的身份，应该怎么做？”\r\n　　小包子翻开金册子，一板一眼地说道：“《乔氏家规》第一百零一条，欺辱未成年少女，赐宫刑。叔叔，如果你真是我爹的话……”\r\n　　不等小包子说完，男人冰凉的指尖掐住了乔薇的下巴，露出一抹冰冷而危险的笑：“如果爷记得没错，那晚，好像是你强上了爷！”　\r\n　　*\r\n　　（这是一篇暖文，先苦后甜，欢迎跳坑O（∩_∩）O~）\r\n　　\r\n\r                    "}
{"image_url": "//qidian.qpic.cn/qdbimg/349573/c_22107686000253102/90", "title": "嫡女重生记", "author": "六月浩雪", "tags": "古代言情,已完结,765.51万", "desc": "\r                        在家是小透明，嫁人后是摆设，最后葬身火海尸骨无存，这是韩玉熙上辈子的写照。\r\n重活一世，韩玉熙努力上进，只愿不再做陪衬与花瓶，然后觅得如意郎君，平安富贵过一生。\r\n可惜事与愿违，嫁了个身负血海深仇的郎君，韩玉熙的人生开始翻天覆地，但她新的人生却是好事多磨，苦尽甘来。\r\n  六月已完本小说：《重生之温婉》、《世家》。\r                    "}
{"image_url": "//qidian.qpic.cn/qdbimg/349573/c_5278584303305501/90", "title": "天命凰妃", "author": "安晓妍", "tags": "古代言情,已完结,156.58万", "desc": "\r                        他，南楚王朝唯一的异姓王，性情暴虐杀伐果决，唯独对她不同。“王爷，凤姑娘被王府的金针扎伤了！”“今日起，王府不许出现带刺的东西！”“王爷，表小姐出言中伤凤姑娘，被她关进柴房了！”“把门锁好，我看谁敢去送饭！”“王爷，凤姑娘要把您种了九年的杏树拔掉。”“这点小事都要她动手，要你们何用！”\n……\n“王爷，凤姑娘说世界那么大，她要去看看。”\n “什么？”男人危险的眯起了眼睛，“传本王命令，哪家店敢留宿她，砸了！”三更半夜，凤清瑶拖着一身疲惫回来了，“不是说放我自由？”男子邪魅一笑，“给本王生一院孩子，就放你自由！”\r                    "}
{"image_url": "//qidian.qpic.cn/qdbimg/349573/c_3606954304241301/90", "title": "总裁只欢不爱", "author": "安染染", "tags": "现代言情,已完结,100.3万", "desc": "\r                        “好热！”她被人设计错上了他的床，他发狠地将她压倒，“说！谁派你来的？”她说不清楚，药物驱使下，一切由欲望做主。事后她退避三舍，他却步步紧逼，夜夜缠绵不休，却只有身体的欢愉，没有爱的承诺。情人节当晚，她依偎进他的怀里轻声说，“我想结婚。”他却将她一把推开，“分手！”“如果，我已经有了你的孩子呢？”她卑微地做最后的挽留，他却说，“你不配！”五年后，电台举行冠军宝宝大赛，主持人说请用一个字来形容自己的爸爸，小朋友A说高，小朋友B说帅，小朋友C说富，而小朋友容容说——渣！他坐在电视机前，看着母子二人靠在另一个男人怀里，悔恨无边。伤心不是因为爱情结束了，而是因为当一切都结束了，爱还在。\r                    "}
{"image_url": "//qidian.qpic.cn/qdbimg/349573/c_8402027104295903/90", "title": "将门娇女：帝尊溺宠小毒妃", "author": "安晓妍", "tags": "古代言情,已完结,122.24万", "desc": "\r                        【新文 医妃在上：九爷，狠会宠！已发布，求疼爱】她助他破敌，却被他当成垫脚石，血溅沙场！浴血归来，她只想要他的命，却被一道圣旨送进王府，成了他的小王妃！\r\n半夜响起磨刀声，心狠手辣的男人笑眯眯的站在她身后：“王妃半夜磨刀，莫非是看本王日夜操劳，想杀鸡给本王补身子？”揣着刀摸进他房中，刚掏出来又被抓个正着。“说过多少次了，本王的房间，王妃想来就来，不用带礼物。”假寐的王爷睁开眼，笑意清浅，“——匕首款式不错，本王收下了，下不为例。”\r\n屡次暗杀失败，某王妃狠下决心，一把火烧了他的云王府。\r\n正欲逃走，头顶传来一个声音：“王妃真是越来越懂本王了，知道本王建了新府，就把旧房子烧了。来，陪本王回去试试新床。”\r                    "}
